studio,course,attendance list,waiting list,instructor,date,maxnr
Cb,Di 11:00,"[""cb_member_059"",""cb_member_050"",""cb_member_048"",""cb_member_064"",""cb_member_012"",""cb_member_038"",""cb_member_049"",""cb_member_009"",""cb_member_016"",""cb_member_002"",""cb_member_065"",""cb_member_036""]",[],Marta,2026-01-06T10:00:00.000Z,12.0
Cb,Di 11:00,"[""cb_member_043"",""cb_member_067"",""cb_member_004"",""cb_member_061"",""cb_member_015"",""cb_member_023"",""cb_member_025"",""cb_member_012"",""cb_member_021"",""cb_member_035"",""cb_member_008"",""cb_member_005""]","[""cb_member_032"",""cb_member_018""]",Marta,2026-01-13T10:00:00.000Z,12.0
Cb,Di 11:00,"[""cb_member_022"",""cb_member_035"",""cb_member_051"",""cb_member_048"",""cb_member_053"",""cb_member_069"",""cb_member_080"",""cb_member_003"",""cb_member_056"",""cb_member_001"",""cb_member_070"",""cb_member_030""]","[""cb_member_005"",""cb_member_004"",""cb_member_050""]",Marta,2026-01-20T10:00:00.000Z,12.0
Cb,Di 11:00,"[""cb_member_068"",""cb_member_056"",""cb_member_027"",""cb_member_006"",""cb_member_015"",""cb_member_030"",""cb_member_035"",""cb_member_002"",""cb_member_005"",""cb_member_040"",""cb_member_022"",""cb_member_011""]","[""cb_member_069""]",Marta,2026-01-27T10:00:00.000Z,12.0
Cb,Di 11:00,"[""cb_member_048"",""cb_member_044"",""cb_member_046"",""cb_member_016"",""cb_member_041"",""cb_member_036"",""cb_member_079""]","[""cb_member_030""]",Marta,2026-02-03T10:00:00.000Z,12.0
Cb,Di 11:00,"[""cb_member_039"",""cb_member_051"",""cb_member_024"",""cb_member_056"",""cb_member_071"",""cb_member_074"",""cb_member_020"",""cb_member_006"",""cb_member_025"",""cb_member_055"",""cb_member_012"",""cb_member_041""]","[""cb_member_009""]",MARTA,2026-02-10T10:00:00.000Z,12.0
Cb,Di 11:00,"[""cb_member_004"",""cb_member_069"",""cb_member_058"",""cb_member_068"",""cb_member_074"",""cb_member_075"",""cb_member_042"",""cb_member_077"",""cb_member_065"",""cb_member_055"",""cb_member_024"",""cb_member_070""]","[""cb_member_080""]",Marta,2026-02-17T10:00:00.000Z,12.0
Cb,Di 11:00,"[""cb_member_076"",""cb_member_074"",""cb_member_030"",""cb_member_038"",""cb_member_018"",""cb_member_065"",""cb_member_064"",""cb_member_007"",""cb_member_078"",""cb_member_042"",""cb_member_070"",""cb_member_014""]","[""cb_member_073"",""cb_member_017"",""cb_member_067""]",Marta,2026-02-24T10:00:00.000Z,12.0
Cb,Di 11:00,"[""cb_member_011"",""cb_member_038"",""cb_member_006"",""cb_member_019"",""cb_member_063"",""cb_member_004"",""cb_member_078"",""cb_member_024"",""cb_member_052"",""cb_member_040"",""cb_member_070"",""cb_member_011""]","[""cb_member_038"",""cb_member_038""]",Marta,2026-03-03T10:00:00.000Z,12.0
Cb,Di 11:00,"[""cb_member_037"",""cb_member_018"",""cb_member_068"",""cb_member_046"",""cb_member_041"",""cb_member_014"",""cb_member_066"",""cb_member_004"",""cb_member_048"",""cb_member_039"",""cb_member_003"",""cb_member_015""]",[],Marta,2026-03-10T10:00:00.000Z,12.0
Cb,Di 11:00,"[""cb_member_029"",""cb_member_051"",""cb_member_008"",""cb_member_049"",""cb_member_046"",""cb_member_045"",""cb_member_014"",""cb_member_054"",""cb_member_034"",""cb_member_002"",""cb_member_080"",""cb_member_024""]","[""cb_member_068"",""cb_member_053"",""cb_member_016""]",Marta,2026-03-17T10:00:00.000Z,12.0
Cb,Di 11:00,"[""cb_member_032"",""cb_member_014"",""cb_member_019"",""cb_member_052"",""cb_member_004"",""cb_member_010"",""cb_member_016"",""cb_member_024"",""cb_member_031"",""cb_member_025""]",[],Marta,2026-03-24T10:00:00.000Z,12.0
Cb,Di 11:00,"[""cb_member_019"",""cb_member_062"",""cb_member_026"",""cb_member_007"",""cb_member_067"",""cb_member_048"",""cb_member_069"",""cb_member_010"",""cb_member_049"",""cb_member_016"",""cb_member_075""]",[],Marta,2026-03-31T09:00:00.000Z,12.0
Cb,Di 11:00,"[""cb_member_065"",""cb_member_012"",""cb_member_049"",""cb_member_032"",""cb_member_053"",""cb_member_075"",""cb_member_036"",""cb_member_044"",""cb_member_067"",""cb_member_057"",""cb_member_073"",""cb_member_069""]",[],Marta,2026-04-07T09:00:00.000Z,12.0
Cb,Di 11:00,"[""cb_member_061"",""cb_member_037"",""cb_member_043"",""cb_member_001"",""cb_member_031"",""cb_member_003"",""cb_member_040"",""cb_member_046"",""cb_member_044"",""cb_member_058"",""cb_member_005""]","[""cb_member_047""]",Marta,2026-04-14T09:00:00.000Z,12.0
Cb,Di 11:00,"[""cb_member_016"",""cb_member_014"",""cb_member_074"",""cb_member_023"",""cb_member_029"",""cb_member_051"",""cb_member_012"",""cb_member_021"",""cb_member_036"",""cb_member_080"",""cb_member_079"",""cb_member_031""]","[""cb_member_002"",""cb_member_047""]",Marta,2026-04-21T09:00:00.000Z,12.0
Cb,Di 11:00,"[""cb_member_023"",""cb_member_008"",""cb_member_036"",""cb_member_080"",""cb_member_015"",""cb_member_058"",""cb_member_026"",""cb_member_074"",""cb_member_002"",""cb_member_060""]",[],Martha,2026-04-28T09:00:00.000Z,12.0
Cb,Di 11:00,"[""cb_member_015"",""cb_member_035"",""cb_member_046"",""cb_member_072"",""cb_member_037"",""cb_member_066"",""cb_member_052"",""cb_member_048"",""cb_member_006"",""cb_member_078"",""cb_member_008""]",[],Marta,2026-05-05T09:00:00.000Z,12.0
Cb,Di 11:00,"[""cb_member_068"",""cb_member_013"",""cb_member_018"",""cb_member_016"",""cb_member_030"",""cb_member_051"",""cb_member_075"",""cb_member_029"",""cb_member_054"",""cb_member_028"",""cb_member_046"",""cb_member_060""]","[""cb_member_035"",""cb_member_023"",""cb_member_074"",""cb_member_048""]",Marta,2026-05-12T09:00:00.000Z,12.0
Cb,Di 11:00,"[""cb_member_019"",""cb_member_033"",""cb_member_038"",""cb_member_041"",""cb_member_010"",""cb_member_062"",""cb_member_070"",""cb_member_018"",""cb_member_052"",""cb_member_004"",""cb_member_027""]","[""cb_member_031"",""cb_member_016""]",Marta,2026-05-19T09:00:00.000Z,12.0
Cb,Di 11:00,"[""cb_member_004"",""cb_member_015"",""cb_member_025"",""cb_member_072"",""cb_member_077"",""cb_member_012"",""cb_member_054"",""cb_member_018"",""cb_member_011"",""cb_member_041"",""cb_member_027"",""cb_member_052""]","[""cb_member_053""]",Marta,2026-05-26T09:00:00.000Z,12.0
Cb,Di 11:00,"[""cb_member_068"",""cb_member_062"",""cb_member_077"",""cb_member_046"",""cb_member_042"",""cb_member_006"",""cb_member_010"",""cb_member_071"",""cb_member_008"",""cb_member_069"",""cb_member_066""]",[],Marta,2026-06-02T09:00:00.000Z,12.0
Cb,Do 11:00,"[""cb_member_065"",""cb_member_059"",""cb_member_079"",""cb_member_060"",""cb_member_020"",""cb_member_018"",""cb_member_010"",""cb_member_024"",""cb_member_063"",""cb_member_072"",""cb_member_014"",""cb_member_080""]","[""cb_member_026""]",Marta,2026-01-08T10:00:00.000Z,12.0
Cb,Do 11:00,"[""cb_member_024"",""cb_member_044"",""cb_member_015"",""cb_member_006"",""cb_member_059"",""cb_member_028"",""cb_member_019"",""cb_member_046"",""cb_member_032"",""cb_member_075""]",[],,2026-01-15T10:00:00.000Z,12.0
Cb,Do 11:00,"[""cb_member_009"",""cb_member_067"",""cb_member_051"",""cb_member_061"",""cb_member_080"",""cb_member_025"",""cb_member_006"",""cb_member_036"",""cb_member_076"",""cb_member_042"",""cb_member_014"",""cb_member_064""]",[],Marta,2026-01-22T10:00:00.000Z,12.0
Cb,Do 11:00,"[""cb_member_067"",""cb_member_069"",""cb_member_040"",""cb_member_070"",""cb_member_076"",""cb_member_055"",""cb_member_003"",""cb_member_080"",""cb_member_037"",""cb_member_032"",""cb_member_060""]","[""cb_member_029""]",Marta,2026-01-29T10:00:00.000Z,12.0
Cb,Do 11:00,"[""cb_member_058"",""cb_member_049"",""cb_member_060"",""cb_member_042"",""cb_member_050"",""cb_member_036"",""cb_member_070"",""cb_member_016""]",[],Marta,2026-02-05T10:00:00.000Z,12.0
Cb,Do 11:00,"[""cb_member_042"",""cb_member_002"",""cb_member_034"",""cb_member_047"",""cb_member_004"",""cb_member_005"",""cb_member_075"",""cb_member_056"",""cb_member_028"",""cb_member_037"",""cb_member_078"",""cb_member_074""]",[],Marta,2026-02-12T10:00:00.000Z,12.0
Cb,Do 11:00,"[""cb_member_046"",""cb_member_040"",""cb_member_004"",""cb_member_023"",""cb_member_041"",""cb_member_053"",""cb_member_076"",""cb_member_012"",""cb_member_049""]","[""cb_member_045""]",Marta,2026-02-19T10:00:00.000Z,12.0
Cb,Do 11:00,"[""cb_member_071"",""cb_member_072"",""cb_member_064"",""cb_member_027"",""cb_member_056"",""cb_member_053"",""cb_member_001"",""cb_member_033"",""cb_member_004"",""cb_member_040"",""cb_member_067"",""cb_member_043""]","[""cb_member_025""]",Marta,2026-02-26T10:00:00.000Z,12.0
Cb,Do 11:00,"[""cb_member_040"",""cb_member_019"",""cb_member_035"",""cb_member_063"",""cb_member_023"",""cb_member_067"",""cb_member_080"",""cb_member_060"",""cb_member_036"",""cb_member_033"",""cb_member_052"",""cb_member_062""]","[""cb_member_071"",""cb_member_068""]",Marta,2026-03-05T10:00:00.000Z,12.0
Cb,Do 11:00,"[""cb_member_023"",""cb_member_010"",""cb_member_049"",""cb_member_003"",""cb_member_050"",""cb_member_016"",""cb_member_037"",""cb_member_041"",""cb_member_020"",""cb_member_017"",""cb_member_066""]","[""cb_member_013"",""cb_member_053""]",Marta,2026-03-12T10:00:00.000Z,
Cb,Do 11:00,"[""cb_member_074"",""cb_member_001"",""cb_member_050"",""cb_member_017"",""cb_member_027"",""cb_member_051"",""cb_member_077"",""cb_member_062"",""cb_member_007""]",[],Marta,2026-03-19T10:00:00.000Z,12.0
Cb,Do 11:00,"[""cb_member_029"",""cb_member_023"",""cb_member_074"",""cb_member_001"",""cb_member_017"",""cb_member_004"",""cb_member_016"",""cb_member_077"",""cb_member_041"",""cb_member_059"",""cb_member_047""]","[""cb_member_050""]",Marta,2026-03-26T10:00:00.000Z,12.0
Cb,Do 11:00,"[""cb_member_006"",""cb_member_066"",""cb_member_062"",""cb_member_005"",""cb_member_056"",""cb_member_072"",""cb_member_059"",""cb_member_079"",""cb_member_054"",""cb_member_003"",""cb_member_009""]","[""cb_member_069"",""cb_member_064""]",Marta,2026-04-02T09:00:00.000Z,12.0
Cb,Do 11:00,"[""cb_member_078"",""cb_member_024"",""cb_member_018"",""cb_member_074"",""cb_member_075"",""cb_member_038"",""cb_member_047"",""cb_member_053"",""cb_member_033"",""cb_member_072"",""cb_member_062"",""cb_member_023""]","[""cb_member_060""]",Marta,2026-04-16T09:00:00.000Z,12.0
Cb,Do 11:00,"[""cb_member_014"",""cb_member_006"",""cb_member_016"",""cb_member_058"",""cb_member_065"",""cb_member_075"",""cb_member_059"",""cb_member_041"",""cb_member_033"",""cb_member_030""]","[""cb_member_034""]",Marta,2026-04-23T09:00:00.000Z,12.0
Cb,Do 11:00,"[""cb_member_026"",""cb_member_008"",""cb_member_018"",""cb_member_014"",""cb_member_059"",""cb_member_042"",""cb_member_007"",""cb_member_080"",""cb_member_020"",""cb_member_022"",""cb_member_070"",""cb_member_047""]","[""cb_member_075""]",Marta,2026-04-30T09:00:00.000Z,12.0
Cb,Do 11:00,"[""cb_member_021"",""cb_member_064"",""cb_member_013"",""cb_member_058"",""cb_member_024"",""cb_member_078"",""cb_member_026"",""cb_member_068"",""cb_member_028"",""cb_member_072""]","[""cb_member_023""]",Marta,2026-05-07T09:00:00.000Z,12.0
Cb,Do 11:00,"[""cb_member_018"",""cb_member_050"",""cb_member_071"",""cb_member_063"",""cb_member_020"",""cb_member_055"",""cb_member_003"",""cb_member_034"",""cb_member_043"",""cb_member_041"",""cb_member_037"",""cb_member_014""]","[""cb_member_064""]",Marta,2026-05-14T09:00:00.000Z,12.0
Cb,Do 11:00,"[""cb_member_040"",""cb_member_004"",""cb_member_057"",""cb_member_022"",""cb_member_024"",""cb_member_028"",""cb_member_029"",""cb_member_012"",""cb_member_039"",""cb_member_055"",""cb_member_065"",""cb_member_025""]","[""cb_member_062"",""cb_member_007""]",Marta,2026-05-21T09:00:00.000Z,12.0
Cb,Do 11:00,"[""cb_member_038"",""cb_member_028"",""cb_member_061"",""cb_member_053"",""cb_member_042"",""cb_member_030"",""cb_member_022"",""cb_member_024"",""cb_member_075""]",[],Marta,2026-05-28T09:00:00.000Z,12.0
Cb,Do 11:00,"[""cb_member_035"",""cb_member_007"",""cb_member_058"",""cb_member_048"",""cb_member_045"",""cb_member_022"",""cb_member_065"",""cb_member_050"",""cb_member_017"",""cb_member_032"",""cb_member_026"",""cb_member_001""]","[""cb_member_008""]",Marta,2026-06-04T09:00:00.000Z,12.0
Cb,Fr 17:00,"[""cb_member_071"",""cb_member_060"",""cb_member_058"",""cb_member_012"",""cb_member_042"",""cb_member_006"",""cb_member_022"",""cb_member_063"",""cb_member_020"",""cb_member_045"",""cb_member_077""]","[""cb_member_079"",""cb_member_070""]",Manuel,2026-01-09T16:00:00.000Z,12.0
Cb,Fr 17:00,"[""cb_member_016"",""cb_member_061"",""cb_member_051"",""cb_member_069"",""cb_member_015"",""cb_member_078"",""cb_member_077"",""cb_member_075"",""cb_member_042"",""cb_member_001"",""cb_member_012"",""cb_member_026""]","[""cb_member_031"",""cb_member_034"",""cb_member_046"",""cb_member_036""]",Manuel,2026-01-16T16:00:00.000Z,12.0
Cb,Fr 17:00,"[""cb_member_035"",""cb_member_053"",""cb_member_048"",""cb_member_018"",""cb_member_033"",""cb_member_014"",""cb_member_040"",""cb_member_023"",""cb_member_074"",""cb_member_079""]",[],Manuel,2026-01-23T16:00:00.000Z,12.0
Cb,Fr 17:00,"[""cb_member_060"",""cb_member_021"",""cb_member_018"",""cb_member_043"",""cb_member_058"",""cb_member_030"",""cb_member_038"",""cb_member_032"",""cb_member_015"",""cb_member_078"",""cb_member_050"",""cb_member_033""]","[""cb_member_049""]",Manuel,2026-01-30T16:00:00.000Z,12.0
Cb,Fr 17:00,"[""cb_member_019"",""cb_member_010"",""cb_member_025"",""cb_member_077"",""cb_member_007"",""cb_member_008"",""cb_member_046"",""cb_member_004"",""cb_member_011"",""cb_member_012"",""cb_member_001""]","[""cb_member_068""]",Manuel,2026-02-06T16:00:00.000Z,12.0
Cb,Fr 17:00,"[""cb_member_011"",""cb_member_058"",""cb_member_030"",""cb_member_021"",""cb_member_056"",""cb_member_024"",""cb_member_063"",""cb_member_052"",""cb_member_042"",""cb_member_022"",""cb_member_014""]",[],Manuel,2026-02-13T16:00:00.000Z,12.0
Cb,Fr 17:00,"[""cb_member_071"",""cb_member_068"",""cb_member_024"",""cb_member_059"",""cb_member_076"",""cb_member_010"",""cb_member_049"",""cb_member_057"",""cb_member_056"",""cb_member_002"",""cb_member_078"",""cb_member_038""]","[""cb_member_023"",""cb_member_022""]",Manuel,2026-02-20T16:00:00.000Z,12.0
Cb,Fr 17:00,"[""cb_member_074"",""cb_member_048"",""cb_member_009"",""cb_member_061"",""cb_member_033"",""cb_member_031"",""cb_member_017"",""cb_member_067"",""cb_member_015"",""cb_member_018"",""cb_member_079"",""cb_member_041""]","[""cb_member_050"",""cb_member_070"",""cb_member_046"",""cb_member_029""]",Manuel,2026-02-27T16:00:00.000Z,12.0
Cb,Fr 17:00,"[""cb_member_019"",""cb_member_067"",""cb_member_073"",""cb_member_015"",""cb_member_064"",""cb_member_017"",""cb_member_080"",""cb_member_069"",""cb_member_004"",""cb_member_005"",""cb_member_011"",""cb_member_066""]","[""cb_member_001"",""cb_member_046"",""cb_member_072"",""cb_member_058""]",Manuel,2026-03-06T16:00:00.000Z,12.0
Cb,Fr 17:00,"[""cb_member_013"",""cb_member_033"",""cb_member_032"",""cb_member_071"",""cb_member_045"",""cb_member_019"",""cb_member_038"",""cb_member_042"",""cb_member_006"",""cb_member_049"",""cb_member_005"",""cb_member_057""]","[""cb_member_050"",""cb_member_029"",""cb_member_012"",""cb_member_031""]",Manuel,2026-03-13T16:00:00.000Z,12.0
Cb,Fr 17:00,"[""cb_member_047"",""cb_member_065"",""cb_member_012"",""cb_member_068"",""cb_member_032"",""cb_member_030"",""cb_member_006"",""cb_member_055"",""cb_member_074"",""cb_member_036"",""cb_member_056"",""cb_member_031""]","[""cb_member_001"",""cb_member_060"",""cb_member_009""]",Manuel,2026-03-20T16:00:00.000Z,12.0
Cb,Fr 17:00,"[""cb_member_017"",""cb_member_075"",""cb_member_048"",""cb_member_076"",""cb_member_015"",""cb_member_071"",""cb_member_019"",""cb_member_040"",""cb_member_046"",""cb_member_004"",""cb_member_058"",""cb_member_022""]","[""cb_member_014"",""cb_member_044""]",Manuel,2026-03-27T16:00:00.000Z,12.0
Cb,Fr 17:00,"[""cb_member_029"",""cb_member_049"",""cb_member_007"",""cb_member_014"",""cb_member_015"",""cb_member_050"",""cb_member_064"",""cb_member_079"",""cb_member_009"",""cb_member_072"",""cb_member_004""]","[""cb_member_044""]",Manuel,2026-04-03T15:00:00.000Z,12.0
Cb,Fr 17:00,"[""cb_member_018"",""cb_member_057"",""cb_member_062"",""cb_member_033"",""cb_member_050"",""cb_member_045"",""cb_member_013"",""cb_member_075"",""cb_member_078"",""cb_member_056"",""cb_member_020"",""cb_member_028""]","[""cb_member_023"",""cb_member_022""]",Manuel,2026-04-10T15:00:00.000Z,12.0
Cb,Fr 17:00,"[""cb_member_011"",""cb_member_066"",""cb_member_046"",""cb_member_019"",""cb_member_044"",""cb_member_042"",""cb_member_052"",""cb_member_033"",""cb_member_063"",""cb_member_050"",""cb_member_049"",""cb_member_003""]","[""cb_member_070""]",Manuel,2026-04-17T15:00:00.000Z,12.0
Cb,Fr 17:00,"[""cb_member_071"",""cb_member_063"",""cb_member_079"",""cb_member_065"",""cb_member_045"",""cb_member_030"",""cb_member_022"",""cb_member_021"",""cb_member_057"",""cb_member_020"",""cb_member_004"",""cb_member_059""]","[""cb_member_019"",""cb_member_013""]",Manuel,2026-04-24T15:00:00.000Z,12.0
Cb,Fr 17:00,"[""cb_member_037"",""cb_member_080"",""cb_member_069"",""cb_member_075"",""cb_member_067"",""cb_member_072"",""cb_member_044"",""cb_member_070"",""cb_member_060"",""cb_member_055"",""cb_member_028""]",[],Manuel,2026-05-01T15:00:00.000Z,12.0
Cb,Fr 17:00,"[""cb_member_076"",""cb_member_049"",""cb_member_017"",""cb_member_061"",""cb_member_078"",""cb_member_031"",""cb_member_014"",""cb_member_073"",""cb_member_013"",""cb_member_035"",""cb_member_027"",""cb_member_042""]","[""cb_member_052"",""cb_member_057"",""cb_member_048""]",Manuel,2026-05-08T15:00:00.000Z,12.0
Cb,Fr 17:00,"[""cb_member_032"",""cb_member_043"",""cb_member_008"",""cb_member_048"",""cb_member_077"",""cb_member_024"",""cb_member_019"",""cb_member_021"",""cb_member_018"",""cb_member_010"",""cb_member_073"",""cb_member_074""]","[""cb_member_054""]",Manuel,2026-05-15T15:00:00.000Z,12.0
Cb,Fr 17:00,"[""cb_member_067"",""cb_member_019"",""cb_member_077"",""cb_member_027"",""cb_member_079"",""cb_member_024"",""cb_member_046"",""cb_member_053"",""cb_member_037"",""cb_member_049"",""cb_member_069"",""cb_member_066""]","[""cb_member_076"",""cb_member_068""]",Manuel,2026-05-22T15:00:00.000Z,12.0
Cb,Fr 17:00,"[""cb_member_034"",""cb_member_031"",""cb_member_014"",""cb_member_011"",""cb_member_055"",""cb_member_021"",""cb_member_035"",""cb_member_074"",""cb_member_027"",""cb_member_045"",""cb_member_032"",""cb_member_052""]","[""cb_member_062"",""cb_member_039""]",Manuel,2026-05-29T15:00:00.000Z,12.0
Cb,Fr 17:00,"[""cb_member_014"",""cb_member_065"",""cb_member_050"",""cb_member_034"",""cb_member_079"",""cb_member_040"",""cb_member_006"",""cb_member_010"",""cb_member_051"",""cb_member_026"",""cb_member_019"",""cb_member_068""]","[""cb_member_053"",""cb_member_056""]",Manuel,2026-06-05T15:00:00.000Z,12.0
Cb,Mi 16:00,"[""cb_member_023"",""cb_member_032"",""cb_member_070"",""cb_member_001"",""cb_member_017"",""cb_member_027"",""cb_member_071"",""cb_member_049"",""cb_member_013"",""cb_member_038"",""cb_member_062"",""cb_member_036"",""cb_member_048"",""cb_member_079""]","[""cb_member_006""]",Marta,2026-01-07T15:00:00.000Z,14.0
Cb,Mi 16:00,"[""cb_member_054"",""cb_member_024"",""cb_member_021"",""cb_member_072"",""cb_member_030"",""cb_member_049"",""cb_member_065"",""cb_member_032"",""cb_member_067"",""cb_member_070"",""cb_member_037"",""cb_member_007"",""cb_member_060"",""cb_member_036""]",[],Marta,2026-01-14T15:00:00.000Z,14.0
Cb,Mi 16:00,"[""cb_member_063"",""cb_member_006"",""cb_member_059"",""cb_member_046"",""cb_member_013"",""cb_member_033"",""cb_member_070"",""cb_member_065"",""cb_member_018"",""cb_member_007"",""cb_member_027"",""cb_member_053"",""cb_member_030"",""cb_member_054""]","[""cb_member_017"",""cb_member_039"",""cb_member_031""]",Marta,2026-01-21T15:00:00.000Z,14.0
Cb,Mi 16:00,"[""cb_member_042"",""cb_member_011"",""cb_member_008"",""cb_member_030"",""cb_member_060"",""cb_member_052"",""cb_member_059"",""cb_member_069"",""cb_member_009"",""cb_member_067"",""cb_member_006"",""cb_member_051"",""cb_member_068"",""cb_member_032""]","[""cb_member_043"",""cb_member_037""]",Marta,2026-01-28T15:00:00.000Z,14.0
Cb,Mi 16:00,"[""cb_member_075"",""cb_member_021"",""cb_member_052"",""cb_member_013"",""cb_member_028"",""cb_member_029"",""cb_member_031"",""cb_member_057"",""cb_member_050"",""cb_member_065"",""cb_member_078"",""cb_member_001"",""cb_member_039"",""cb_member_015""]","[""cb_member_016"",""cb_member_067"",""cb_member_020"",""cb_member_026""]",Marta,2026-02-04T15:00:00.000Z,14.0
Cb,Mi 16:00,"[""cb_member_040"",""cb_member_045"",""cb_member_075"",""cb_member_002"",""cb_member_028"",""cb_member_062"",""cb_member_037"",""cb_member_026"",""cb_member_030"",""cb_member_039"",""cb_member_068"",""cb_member_041"",""cb_member_076"",""cb_member_071""]","[""cb_member_009"",""cb_member_014"",""cb_member_050""]",Marta,2026-02-11T15:00:00.000Z,14.0
Cb,Mi 16:00,"[""cb_member_033"",""cb_member_036"",""cb_member_038"",""cb_member_028"",""cb_member_008"",""cb_member_046"",""cb_member_014"",""cb_member_062"",""cb_member_020"",""cb_member_060""]","[""cb_member_077"",""cb_member_072""]",Marta,2026-02-18T15:00:00.000Z,14.0
Cb,Mi 16:00,"[""cb_member_065"",""cb_member_060"",""cb_member_067"",""cb_member_024"",""cb_member_056"",""cb_member_040"",""cb_member_015"",""cb_member_068"",""cb_member_019"",""cb_member_047"",""cb_member_001"",""cb_member_080"",""cb_member_016"",""cb_member_043""]","[""cb_member_020"",""cb_member_025""]",Marta,2026-02-25T15:00:00.000Z,14.0
Cb,Mi 16:00,"[""cb_member_023"",""cb_member_059"",""cb_member_043"",""cb_member_024"",""cb_member_065"",""cb_member_079"",""cb_member_020"",""cb_member_076"",""cb_member_045"",""cb_member_035"",""cb_member_063"",""cb_member_029"",""cb_member_003"",""cb_member_013""]","[""cb_member_004"",""cb_member_056""]",Marta,2026-03-04T15:00:00.000Z,14.0
Cb,Mi 16:00,"[""cb_member_051"",""cb_member_038"",""cb_member_058"",""cb_member_040"",""cb_member_020"",""cb_member_006"",""cb_member_026"",""cb_member_015"",""cb_member_010"",""cb_member_077"",""cb_member_045"",""cb_member_007"",""cb_member_012"",""cb_member_043""]","[""cb_member_030""]",Marta,2026-03-11T15:00:00.000Z,14.0
Cb,Mi 16:00,"[""cb_member_054"",""cb_member_067"",""cb_member_028"",""cb_member_025"",""cb_member_033"",""cb_member_034"",""cb_member_060"",""cb_member_080"",""cb_member_041"",""cb_member_038"",""cb_member_072"",""cb_member_042"",""cb_member_015""]","[""cb_member_056""]",Marta,2026-03-18T15:00:00.000Z,14.0
Cb,Mi 16:00,"[""cb_member_080"",""cb_member_010"",""cb_member_026"",""cb_member_076"",""cb_member_079"",""cb_member_014"",""cb_member_040"",""cb_member_006"",""cb_member_018"",""cb_member_043"",""cb_member_036"",""cb_member_005"",""cb_member_007"",""cb_member_008""]","[""cb_member_050"",""cb_member_029""]",Marta,2026-03-25T15:00:00.000Z,14.0
Cb,Mi 16:00,"[""cb_member_032"",""cb_member_013"",""cb_member_014"",""cb_member_010"",""cb_member_068"",""cb_member_020"",""cb_member_059"",""cb_member_052"",""cb_member_022"",""cb_member_048"",""cb_member_051"",""cb_member_064""]",[],Marta,2026-04-01T14:00:00.000Z,14.0
Cb,Mi 16:00,"[""cb_member_044"",""cb_member_053"",""cb_member_009"",""cb_member_036"",""cb_member_048"",""cb_member_058"",""cb_member_027"",""cb_member_075"",""cb_member_079"",""cb_member_033"",""cb_member_028"",""cb_member_001"",""cb_member_072"",""cb_member_037""]",[],Marta,2026-04-08T14:00:00.000Z,14.0
Cb,Mi 16:00,"[""cb_member_005"",""cb_member_014"",""cb_member_077"",""cb_member_064"",""cb_member_006"",""cb_member_056"",""cb_member_051"",""cb_member_047"",""cb_member_041"",""cb_member_020"",""cb_member_013"",""cb_member_057"",""cb_member_024"",""cb_member_043""]","[""cb_member_012"",""cb_member_027""]",Marta,2026-04-15T14:00:00.000Z,14.0
Cb,Mi 16:00,"[""cb_member_041"",""cb_member_013"",""cb_member_076"",""cb_member_035"",""cb_member_009"",""cb_member_058"",""cb_member_077"",""cb_member_026"",""cb_member_025"",""cb_member_011"",""cb_member_020"",""cb_member_075"",""cb_member_053"",""cb_member_033""]","[""cb_member_080"",""cb_member_031""]",Marta,2026-04-22T14:00:00.000Z,14.0
Cb,Mi 16:00,"[""cb_member_047"",""cb_member_060"",""cb_member_066"",""cb_member_049"",""cb_member_058"",""cb_member_056"",""cb_member_006"",""cb_member_073"",""cb_member_021"",""cb_member_020"",""cb_member_013""]",[],Marta,2026-04-29T14:00:00.000Z,14.0
Cb,Mi 16:00,"[""cb_member_004"",""cb_member_011"",""cb_member_015"",""cb_member_028"",""cb_member_055"",""cb_member_024"",""cb_member_022"",""cb_member_006"",""cb_member_050"",""cb_member_033"",""cb_member_002"",""cb_member_078"",""cb_member_046"",""cb_member_005""]","[""cb_member_053"",""cb_member_035"",""cb_member_020""]",Marta,2026-05-06T14:00:00.000Z,14.0
Cb,Mi 16:00,"[""cb_member_036"",""cb_member_027"",""cb_member_043"",""cb_member_042"",""cb_member_030"",""cb_member_022"",""cb_member_048"",""cb_member_047"",""cb_member_074"",""cb_member_014"",""cb_member_015"",""cb_member_064"",""cb_member_008"",""cb_member_018""]",[],Marta,2026-05-13T14:00:00.000Z,14.0
Cb,Mi 16:00,"[""cb_member_074"",""cb_member_076"",""cb_member_029"",""cb_member_001"",""cb_member_018"",""cb_member_080"",""cb_member_031"",""cb_member_051"",""cb_member_079"",""cb_member_068"",""cb_member_017"",""cb_member_026"",""cb_member_007"",""cb_member_046""]","[""cb_member_047"",""cb_member_023"",""cb_member_024""]",Marta,2026-05-20T14:00:00.000Z,14.0
Cb,Mi 16:00,"[""cb_member_046"",""cb_member_003"",""cb_member_006"",""cb_member_065"",""cb_member_038"",""cb_member_057"",""cb_member_066"",""cb_member_019"",""cb_member_054"",""cb_member_043"",""cb_member_018"",""cb_member_073"",""cb_member_058"",""cb_member_079""]","[""cb_member_011"",""cb_member_070""]",Marta,2026-05-27T14:00:00.000Z,14.0
Cb,Mi 16:00,"[""cb_member_007"",""cb_member_045"",""cb_member_051"",""cb_member_033"",""cb_member_001"",""cb_member_047"",""cb_member_078"",""cb_member_062"",""cb_member_009"",""cb_member_018"",""cb_member_025"",""cb_member_066"",""cb_member_008"",""cb_member_080""]",[],Marta,2026-06-03T14:00:00.000Z,14.0
Nk,Di 18:00,"[""nk_member_064"",""nk_member_069"",""nk_member_045"",""nk_member_029"",""nk_member_046"",""nk_member_074"",""nk_member_021"",""nk_member_076"",""nk_member_063"",""nk_member_015"",""nk_member_035"",""nk_member_007""]","[""nk_member_059"",""nk_member_068""]",Jonas,2026-01-06T17:00:00.000Z,12.0
Nk,Di 18:00,"[""nk_member_033"",""nk_member_056"",""nk_member_078"",""nk_member_017"",""nk_member_049"",""nk_member_077"",""nk_member_060"",""nk_member_030"",""nk_member_014"",""nk_member_011"",""nk_member_079""]","[""nk_member_071""]",Jonas,2026-01-13T17:00:00.000Z,12.0
Nk,Di 18:00,"[""nk_member_078"",""nk_member_035"",""nk_member_011"",""nk_member_039"",""nk_member_040"",""nk_member_034"",""nk_member_026"",""nk_member_012"",""nk_member_060"",""nk_member_050"",""nk_member_037""]",[],Jonas,2026-01-20T17:00:00.000Z,12.0
Nk,Di 18:00,"[""nk_member_056"",""nk_member_017"",""nk_member_050"",""nk_member_019"",""nk_member_076"",""nk_member_032"",""nk_member_067"",""nk_member_029""]",[],Jonas,2026-01-27T17:00:00.000Z,12.0
Nk,Di 18:00,"[""nk_member_012"",""nk_member_008"",""nk_member_055"",""nk_member_014"",""nk_member_067"",""nk_member_034"",""nk_member_045"",""nk_member_072"",""nk_member_070"",""nk_member_080"",""nk_member_029""]","[""nk_member_073"",""nk_member_019""]",Jonas,2026-02-03T17:00:00.000Z,12.0
Nk,Di 18:00,"[""nk_member_006"",""nk_member_010"",""nk_member_020"",""nk_member_052"",""nk_member_056"",""nk_member_031"",""nk_member_047"",""nk_member_042"",""nk_member_080"",""nk_member_064"",""nk_member_012"",""nk_member_053""]","[""nk_member_057""]",Jonas,2026-02-10T17:00:00.000Z,12.0
Nk,Di 18:00,"[""nk_member_075"",""nk_member_076"",""nk_member_004"",""nk_member_005"",""nk_member_038"",""nk_member_073"",""nk_member_015"",""nk_member_058"",""nk_member_019"",""nk_member_047""]","[""nk_member_062""]",Jonas,2026-02-17T17:00:00.000Z,12.0
Nk,Di 18:00,"[""nk_member_043"",""nk_member_059"",""nk_member_073"",""nk_member_050"",""nk_member_036"",""nk_member_041"",""nk_member_044"",""nk_member_005"",""nk_member_030"",""nk_member_018"",""nk_member_054"",""nk_member_010""]","[""nk_member_026""]",Jonas,2026-02-24T17:00:00.000Z,12.0
Nk,Di 18:00,"[""nk_member_040"",""nk_member_011"",""nk_member_036"",""nk_member_042"",""nk_member_020"",""nk_member_048"",""nk_member_077"",""nk_member_049"",""nk_member_017"",""nk_member_023"",""nk_member_041"",""nk_member_075""]","[""nk_member_061""]",Jonas,2026-03-03T17:00:00.000Z,12.0
Nk,Di 18:00,"[""nk_member_007"",""nk_member_065"",""nk_member_075"",""nk_member_027"",""nk_member_038"",""nk_member_001"",""nk_member_012"",""nk_member_039"",""nk_member_022"",""nk_member_046"",""nk_member_004""]",[],Jonas,2026-03-10T17:00:00.000Z,12.0
Nk,Di 18:00,"[""nk_member_048"",""nk_member_028"",""nk_member_037"",""nk_member_050"",""nk_member_079"",""nk_member_053"",""nk_member_051"",""nk_member_049"",""nk_member_035"",""nk_member_032"",""nk_member_044"",""nk_member_020""]","[""nk_member_060""]",Jonas,2026-03-17T17:00:00.000Z,12.0
Nk,Di 18:00,"[""nk_member_059"",""nk_member_030"",""nk_member_065"",""nk_member_040"",""nk_member_050"",""nk_member_045"",""nk_member_046"",""nk_member_013"",""nk_member_054"",""nk_member_080"",""nk_member_016"",""nk_member_068""]","[""nk_member_049""]",Jonas,2026-03-24T17:00:00.000Z,12.0
Nk,Di 18:00,"[""nk_member_021"",""nk_member_015"",""nk_member_058"",""nk_member_024"",""nk_member_076"",""nk_member_053"",""nk_member_012"",""nk_member_025"",""nk_member_075"",""nk_member_049"",""nk_member_018"",""nk_member_079""]",[],Jonas,2026-03-31T16:00:00.000Z,12.0
Nk,Di 18:00,"[""nk_member_009"",""nk_member_022"",""nk_member_067"",""nk_member_030"",""nk_member_035"",""nk_member_028"",""nk_member_031"",""nk_member_060"",""nk_member_056"",""nk_member_016"",""nk_member_071"",""nk_member_041""]","[""nk_member_005""]",Jonas,2026-04-07T16:00:00.000Z,12.0
Nk,Di 18:00,"[""nk_member_027"",""nk_member_058"",""nk_member_065"",""nk_member_072"",""nk_member_053"",""nk_member_036"",""nk_member_080"",""nk_member_031""]","[""nk_member_049""]",Jonas,2026-04-14T16:00:00.000Z,12.0
Nk,Di 18:00,"[""nk_member_058"",""nk_member_012"",""nk_member_019"",""nk_member_043"",""nk_member_009"",""nk_member_031"",""nk_member_014"",""nk_member_074"",""nk_member_050"",""nk_member_008"",""nk_member_057"",""nk_member_048""]","[""nk_member_032""]",Jonas,2026-04-21T16:00:00.000Z,12.0
Nk,Di 18:00,"[""nk_member_049"",""nk_member_078"",""nk_member_021"",""nk_member_056"",""nk_member_031"",""nk_member_017"",""nk_member_062"",""nk_member_043"",""nk_member_052"",""nk_member_044"",""nk_member_018""]",[],Jonas,2026-04-28T16:00:00.000Z,12.0
Nk,Di 18:00,"[""nk_member_071"",""nk_member_025"",""nk_member_064"",""nk_member_008"",""nk_member_023"",""nk_member_065"",""nk_member_061"",""nk_member_054"",""nk_member_053"",""nk_member_015"",""nk_member_072""]","[""nk_member_012""]",Jonas,2026-05-05T16:00:00.000Z,12.0
Nk,Di 18:00,"[""nk_member_030"",""nk_member_023"",""nk_member_078"",""nk_member_059"",""nk_member_017"",""nk_member_057"",""nk_member_066"",""nk_member_024"",""nk_member_072""]",[],Jonas,2026-05-12T16:00:00.000Z,12.0
Nk,Di 18:00,"[""nk_member_038"",""nk_member_075"",""nk_member_049"",""nk_member_062"",""nk_member_022"",""nk_member_026"",""nk_member_055"",""nk_member_051"",""nk_member_059"",""nk_member_007"",""nk_member_010""]","[""nk_member_013""]",Jonas,2026-05-19T16:00:00.000Z,12.0
Nk,Di 18:00,"[""nk_member_046"",""nk_member_035"",""nk_member_054"",""nk_member_066"",""nk_member_006"",""nk_member_007"",""nk_member_012"",""nk_member_078""]",[],Jonas,2026-05-26T16:00:00.000Z,12.0
Nk,Di 18:00,"[""nk_member_040"",""nk_member_077"",""nk_member_078"",""nk_member_034"",""nk_member_050"",""nk_member_042"",""nk_member_015"",""nk_member_045"",""nk_member_018"",""nk_member_058"",""nk_member_012"",""nk_member_009""]","[""nk_member_048""]",Jonas,2026-06-02T16:00:00.000Z,12.0
Nk,Mi 20:00,"[""nk_member_046"",""nk_member_055"",""nk_member_026"",""nk_member_010"",""nk_member_016"",""nk_member_077"",""nk_member_059"",""nk_member_080""]",[],Nina,2026-01-07T19:00:00.000Z,10.0
Nk,Mi 20:00,"[""nk_member_030"",""nk_member_023"",""nk_member_078"",""nk_member_059"",""nk_member_004"",""nk_member_052"",""nk_member_035"",""nk_member_024"",""nk_member_073""]",[],Nina,2026-01-14T19:00:00.000Z,10.0
Nk,Mi 20:00,"[""nk_member_005"",""nk_member_004"",""nk_member_035"",""nk_member_030"",""nk_member_022"",""nk_member_048"",""nk_member_074"",""nk_member_036"",""nk_member_021"",""nk_member_063""]","[""nk_member_056"",""nk_member_071"",""nk_member_013""]",Nina,2026-01-21T19:00:00.000Z,10.0
Nk,Mi 20:00,"[""nk_member_008"",""nk_member_035"",""nk_member_038"",""nk_member_032"",""nk_member_072"",""nk_member_044"",""nk_member_064""]","[""nk_member_060""]",Nina,2026-01-28T19:00:00.000Z,10.0
Nk,Mi 20:00,"[""nk_member_040"",""nk_member_005"",""nk_member_066"",""nk_member_069"",""nk_member_006"",""nk_member_017"",""nk_member_028"",""nk_member_020""]","[""nk_member_041""]",Nina,2026-02-04T19:00:00.000Z,10.0
Nk,Mi 20:00,"[""nk_member_007"",""nk_member_059"",""nk_member_026"",""nk_member_001"",""nk_member_017"",""nk_member_076"",""nk_member_035"",""nk_member_072""]",[],Nina,2026-02-11T19:00:00.000Z,10.0
Nk,Mi 20:00,"[""nk_member_008"",""nk_member_003"",""nk_member_002"",""nk_member_078"",""nk_member_047"",""nk_member_061""]",[],Nina,2026-02-18T19:00:00.000Z,10.0
Nk,Mi 20:00,"[""nk_member_044"",""nk_member_045"",""nk_member_080"",""nk_member_002"",""nk_member_034""]",[],Nina,2026-02-25T19:00:00.000Z,10.0
Nk,Mi 20:00,"[""nk_member_059"",""nk_member_005"",""nk_member_023"",""nk_member_067"",""nk_member_058"",""nk_member_011"",""nk_member_022"",""nk_member_002""]","[""nk_member_029""]",Nina,2026-03-04T19:00:00.000Z,10.0
Nk,Mi 20:00,"[""nk_member_048"",""nk_member_057"",""nk_member_058"",""nk_member_032"",""nk_member_046"",""nk_member_072"",""nk_member_038"",""nk_member_063"",""nk_member_030"",""nk_member_020""]","[""nk_member_052""]",Nina,2026-03-11T19:00:00.000Z,10.0
Nk,Mi 20:00,"[""nk_member_005"",""nk_member_035"",""nk_member_025"",""nk_member_043"",""nk_member_033"",""nk_member_016"",""nk_member_075"",""nk_member_062""]",[],Nina,2026-03-18T19:00:00.000Z,10.0
Nk,Mi 20:00,"[""nk_member_002"",""nk_member_038"",""nk_member_075"",""nk_member_052"",""nk_member_006"",""nk_member_070"",""nk_member_031""]",[],Nina,2026-03-25T19:00:00.000Z,10.0
Nk,Mi 20:00,"[""nk_member_036"",""nk_member_017"",""nk_member_077"",""nk_member_043"",""nk_member_056"",""nk_member_050"",""nk_member_060"",""nk_member_059""]",[],Nina,2026-04-01T18:00:00.000Z,10.0
Nk,Mi 20:00,"[""nk_member_032"",""nk_member_077"",""nk_member_053"",""nk_member_037"",""nk_member_039"",""nk_member_038"",""nk_member_005"",""nk_member_003"",""nk_member_078""]",[],Nina,2026-04-08T18:00:00.000Z,10.0
Nk,Mi 20:00,"[""nk_member_005"",""nk_member_080"",""nk_member_046"",""nk_member_026"",""nk_member_014"",""nk_member_063"",""nk_member_059"",""nk_member_015"",""nk_member_072"",""nk_member_041""]","[""nk_member_007"",""nk_member_071""]",Nina,2026-04-15T18:00:00.000Z,10.0
Nk,Mi 20:00,"[""nk_member_026"",""nk_member_015"",""nk_member_063"",""nk_member_004"",""nk_member_079"",""nk_member_024"",""nk_member_074"",""nk_member_040""]",[],Nina,2026-04-22T18:00:00.000Z,10.0
Nk,Mi 20:00,"[""nk_member_016"",""nk_member_043"",""nk_member_038"",""nk_member_073"",""nk_member_012"",""nk_member_002""]","[""nk_member_011"",""nk_member_032""]",Nina,2026-04-29T18:00:00.000Z,10.0
Nk,Mi 20:00,"[""nk_member_023"",""nk_member_069"",""nk_member_028"",""nk_member_061"",""nk_member_054"",""nk_member_077"",""nk_member_049"",""nk_member_034"",""nk_member_050"",""nk_member_036""]","[""nk_member_011""]",Nina,2026-05-06T18:00:00.000Z,10.0
Nk,Mi 20:00,"[""nk_member_049"",""nk_member_069"",""nk_member_046"",""nk_member_079"",""nk_member_035"",""nk_member_068"",""nk_member_074"",""nk_member_045""]","[""nk_member_028""]",Nina,2026-05-13T18:00:00.000Z,10.0
Nk,Mi 20:00,"[""nk_member_043"",""nk_member_017"",""nk_member_025"",""nk_member_023"",""nk_member_044"",""nk_member_076"",""nk_member_004"",""nk_member_014""]","[""nk_member_018"",""nk_member_038""]",Nina,2026-05-20T18:00:00.000Z,10.0
Nk,Mi 20:00,"[""nk_member_073"",""nk_member_004"",""nk_member_074"",""nk_member_070"",""nk_member_063"",""nk_member_008"",""nk_member_023"",""nk_member_069"",""nk_member_039""]",[],Nina,2026-05-27T18:00:00.000Z,10.0
Nk,Mi 20:00,"[""nk_member_011"",""nk_member_013"",""nk_member_054"",""nk_member_005"",""nk_member_073"",""nk_member_075"",""nk_member_009"",""nk_member_045""]",[],Nina,2026-06-03T18:00:00.000Z,10.0
Nk,Mo 18:00,"[""nk_member_069"",""nk_member_030"",""nk_member_034"",""nk_member_040"",""nk_member_048"",""nk_member_007"",""nk_member_027"",""nk_member_058"",""nk_member_080"",""nk_member_020"",""nk_member_022"",""nk_member_006"",""nk_member_010"",""nk_member_028""]","[""nk_member_025"",""nk_member_031"",""nk_member_016""]",Clara,2026-01-05T17:00:00.000Z,14.0
Nk,Mo 18:00,"[""nk_member_078"",""nk_member_049"",""nk_member_073"",""nk_member_038"",""nk_member_018"",""nk_member_068"",""nk_member_061"",""nk_member_074"",""nk_member_075"",""nk_member_033"",""nk_member_065"",""nk_member_013"",""nk_member_016"",""nk_member_069""]",[],Clara,2026-01-12T17:00:00.000Z,14.0
Nk,Mo 18:00,"[""nk_member_038"",""nk_member_036"",""nk_member_052"",""nk_member_014"",""nk_member_042"",""nk_member_026"",""nk_member_055"",""nk_member_066"",""nk_member_043"",""nk_member_035"",""nk_member_045"",""nk_member_068"",""nk_member_071"",""nk_member_016""]",[],Clara,2026-01-19T17:00:00.000Z,14.0
Nk,Mo 18:00,"[""nk_member_061"",""nk_member_073"",""nk_member_020"",""nk_member_058"",""nk_member_033"",""nk_member_072"",""nk_member_077"",""nk_member_038"",""nk_member_037"",""nk_member_079"",""nk_member_025"",""nk_member_053"",""nk_member_046"",""nk_member_019""]","[""nk_member_016"",""nk_member_066""]",Clara,2026-01-26T17:00:00.000Z,14.0
Nk,Mo 18:00,"[""nk_member_042"",""nk_member_054"",""nk_member_030"",""nk_member_049"",""nk_member_036"",""nk_member_022"",""nk_member_057"",""nk_member_069"",""nk_member_026"",""nk_member_015"",""nk_member_025"",""nk_member_061"",""nk_member_071"",""nk_member_034""]","[""nk_member_018"",""nk_member_035"",""nk_member_008"",""nk_member_072""]",Clara,2026-02-02T17:00:00.000Z,14.0
Nk,Mo 18:00,"[""nk_member_002"",""nk_member_059"",""nk_member_056"",""nk_member_013"",""nk_member_045"",""nk_member_064"",""nk_member_072"",""nk_member_078"",""nk_member_009"",""nk_member_001"",""nk_member_053"",""nk_member_029"",""nk_member_074"",""nk_member_076""]",[],Clara,2026-02-09T17:00:00.000Z,14.0
Nk,Mo 18:00,"[""nk_member_062"",""nk_member_044"",""nk_member_053"",""nk_member_037"",""nk_member_068"",""nk_member_013"",""nk_member_035"",""nk_member_079"",""nk_member_050"",""nk_member_009"",""nk_member_028"",""nk_member_022"",""nk_member_056""]",[],Clara,2026-02-16T17:00:00.000Z,14.0
Nk,Mo 18:00,"[""nk_member_054"",""nk_member_031"",""nk_member_070"",""nk_member_007"",""nk_member_055"",""nk_member_003"",""nk_member_075"",""nk_member_032"",""nk_member_045"",""nk_member_064"",""nk_member_063"",""nk_member_009"",""nk_member_074"",""nk_member_067""]","[""nk_member_048"",""nk_member_017"",""nk_member_042""]",Clara,2026-02-23T17:00:00.000Z,14.0
Nk,Mo 18:00,"[""nk_member_059"",""nk_member_038"",""nk_member_029"",""nk_member_002"",""nk_member_022"",""nk_member_028"",""nk_member_006"",""nk_member_001"",""nk_member_064"",""nk_member_027"",""nk_member_031"",""nk_member_060"",""nk_member_078"",""nk_member_069""]","[""nk_member_043"",""nk_member_020"",""nk_member_063"",""nk_member_005""]",Clara,2026-03-02T17:00:00.000Z,14.0
Nk,Mo 18:00,"[""nk_member_017"",""nk_member_068"",""nk_member_035"",""nk_member_031"",""nk_member_050"",""nk_member_028"",""nk_member_018"",""nk_member_027"",""nk_member_062"",""nk_member_015"",""nk_member_003"",""nk_member_069"",""nk_member_037"",""nk_member_047""]","[""nk_member_044"",""nk_member_057"",""nk_member_033"",""nk_member_052""]",Clara,2026-03-09T17:00:00.000Z,14.0
Nk,Mo 18:00,"[""nk_member_030"",""nk_member_078"",""nk_member_029"",""nk_member_063"",""nk_member_055"",""nk_member_068"",""nk_member_044"",""nk_member_051"",""nk_member_031"",""nk_member_005"",""nk_member_036"",""nk_member_049"",""nk_member_039"",""nk_member_010""]","[""nk_member_009"",""nk_member_016"",""nk_member_058""]",Clara,2026-03-16T17:00:00.000Z,14.0
Nk,Mo 18:00,"[""nk_member_040"",""nk_member_028"",""nk_member_067"",""nk_member_073"",""nk_member_080"",""nk_member_055"",""nk_member_061"",""nk_member_003"",""nk_member_045"",""nk_member_062"",""nk_member_051"",""nk_member_052"",""nk_member_013"",""nk_member_016""]","[""nk_member_022"",""nk_member_050""]",Clara,2026-03-23T17:00:00.000Z,14.0
Nk,Mo 18:00,"[""nk_member_040"",""nk_member_005"",""nk_member_060"",""nk_member_007"",""nk_member_054"",""nk_member_053"",""nk_member_047"",""nk_member_051"",""nk_member_078"",""nk_member_029"",""nk_member_004"",""nk_member_028"",""nk_member_073"",""nk_member_031""]",[],Clara,2026-03-30T16:00:00.000Z,14.0
Nk,Mo 18:00,"[""nk_member_050"",""nk_member_022"",""nk_member_046"",""nk_member_007"",""nk_member_013"",""nk_member_062"",""nk_member_059"",""nk_member_032"",""nk_member_028"",""nk_member_020"",""nk_member_040"",""nk_member_041"",""nk_member_018"",""nk_member_015""]","[""nk_member_054"",""nk_member_057"",""nk_member_069"",""nk_member_048""]",Clara,2026-04-06T16:00:00.000Z,14.0
Nk,Mo 18:00,"[""nk_member_003"",""nk_member_001"",""nk_member_055"",""nk_member_039"",""nk_member_079"",""nk_member_040"",""nk_member_071"",""nk_member_027"",""nk_member_037"",""nk_member_049"",""nk_member_068"",""nk_member_069"",""nk_member_030"",""nk_member_066""]","[""nk_member_011"",""nk_member_075"",""nk_member_042""]",Clara,2026-04-13T16:00:00.000Z,14.0
Nk,Mo 18:00,"[""nk_member_035"",""nk_member_055"",""nk_member_064"",""nk_member_021"",""nk_member_026"",""nk_member_077"",""nk_member_024"",""nk_member_069"",""nk_member_039"",""nk_member_080"",""nk_member_060"",""nk_member_059"",""nk_member_001"",""nk_member_011""]",[],Clara,2026-04-20T16:00:00.000Z,14.0
Nk,Mo 18:00,"[""nk_member_072"",""nk_member_030"",""nk_member_054"",""nk_member_079"",""nk_member_067"",""nk_member_028"",""nk_member_070"",""nk_member_022"",""nk_member_060"",""nk_member_078"",""nk_member_080"",""nk_member_009"",""nk_member_050"",""nk_member_077""]","[""nk_member_043"",""nk_member_076""]",Clara,2026-04-27T16:00:00.000Z,14.0
Nk,Mo 18:00,"[""nk_member_040"",""nk_member_058"",""nk_member_013"",""nk_member_025"",""nk_member_065"",""nk_member_050"",""nk_member_010"",""nk_member_063"",""nk_member_015"",""nk_member_074"",""nk_member_067"",""nk_member_036"",""nk_member_071"",""nk_member_034""]","[""nk_member_066""]",Clara,2026-05-04T16:00:00.000Z,14.0
Nk,Mo 18:00,"[""nk_member_006"",""nk_member_037"",""nk_member_023"",""nk_member_048"",""nk_member_047"",""nk_member_056"",""nk_member_042"",""nk_member_031"",""nk_member_013"",""nk_member_027"",""nk_member_050"",""nk_member_041"",""nk_member_075""]",[],Clara,2026-05-11T16:00:00.000Z,14.0
Nk,Mo 18:00,"[""nk_member_046"",""nk_member_040"",""nk_member_027"",""nk_member_050"",""nk_member_063"",""nk_member_044"",""nk_member_033"",""nk_member_075"",""nk_member_032"",""nk_member_071"",""nk_member_069"",""nk_member_019"",""nk_member_011"",""nk_member_030""]","[""nk_member_034""]",Clara,2026-05-18T16:00:00.000Z,14.0
Nk,Mo 18:00,"[""nk_member_048"",""nk_member_062"",""nk_member_025"",""nk_member_003"",""nk_member_071"",""nk_member_059"",""nk_member_024"",""nk_member_058"",""nk_member_020"",""nk_member_064"",""nk_member_013"",""nk_member_026"",""nk_member_073"",""nk_member_021""]","[""nk_member_043""]",Clara,2026-05-25T16:00:00.000Z,14.0
Nk,Mo 18:00,"[""nk_member_034"",""nk_member_008"",""nk_member_075"",""nk_member_043"",""nk_member_019"",""nk_member_080"",""nk_member_006"",""nk_member_057"",""nk_member_028"",""nk_member_059"",""nk_member_052"",""nk_member_022"",""nk_member_039"",""nk_member_078""]","[""nk_member_041"",""nk_member_002"",""nk_member_060"",""nk_member_037""]",Clara,2026-06-01T16:00:00.000Z,14.0
Nk,Sa 09:00,"[""nk_member_079"",""nk_member_014"",""nk_member_011"",""nk_member_018"",""nk_member_064"",""nk_member_043"",""nk_member_003"",""nk_member_010"",""nk_member_022"",""nk_member_051"",""nk_member_047"",""nk_member_072"",""nk_member_061"",""nk_member_077"",""nk_member_015"",""nk_member_041""]",[],Clara,2026-01-10T08:00:00.000Z,16.0
Nk,Sa 09:00,"[""nk_member_034"",""nk_member_053"",""nk_member_013"",""nk_member_038"",""nk_member_008"",""nk_member_073"",""nk_member_064"",""nk_member_060"",""nk_member_070"",""nk_member_065"",""nk_member_024"",""nk_member_069"",""nk_member_055"",""nk_member_075""]",[],Clara,2026-01-17T08:00:00.000Z,16.0
Nk,Sa 09:00,"[""nk_member_068"",""nk_member_002"",""nk_member_073"",""nk_member_018"",""nk_member_032"",""nk_member_031"",""nk_member_013"",""nk_member_025"",""nk_member_041"",""nk_member_023"",""nk_member_063"",""nk_member_076"",""nk_member_045"",""nk_member_040"",""nk_member_036""]",[],Clara,2026-01-24T08:00:00.000Z,16.0
Nk,Sa 09:00,"[""nk_member_022"",""nk_member_051"",""nk_member_073"",""nk_member_014"",""nk_member_039"",""nk_member_066"",""nk_member_074"",""nk_member_030"",""nk_member_035"",""nk_member_040"",""nk_member_008"",""nk_member_060"",""nk_member_077"",""nk_member_004"",""nk_member_070"",""nk_member_042""]","[""nk_member_023"",""nk_member_058"",""nk_member_063""]",Clara,2026-01-31T08:00:00.000Z,16.0
Nk,Sa 09:00,"[""nk_member_035"",""nk_member_071"",""nk_member_027"",""nk_member_004"",""nk_member_010"",""nk_member_069"",""nk_member_042"",""nk_member_056"",""nk_member_060"",""nk_member_077"",""nk_member_041"",""nk_member_003"",""nk_member_045"",""nk_member_066"",""nk_member_049"",""nk_member_038""]","[""nk_member_031"",""nk_member_016""]",Clara,2026-02-07T08:00:00.000Z,16.0
Nk,Sa 09:00,"[""nk_member_067"",""nk_member_042"",""nk_member_012"",""nk_member_039"",""nk_member_038"",""nk_member_001"",""nk_member_075"",""nk_member_065"",""nk_member_055"",""nk_member_022"",""nk_member_066"",""nk_member_008"",""nk_member_002"",""nk_member_035"",""nk_member_023"",""nk_member_052""]","[""nk_member_050"",""nk_member_036""]",Clara,2026-02-14T08:00:00.000Z,16.0
Nk,Sa 09:00,"[""nk_member_023"",""nk_member_034"",""nk_member_063"",""nk_member_027"",""nk_member_043"",""nk_member_050"",""nk_member_024"",""nk_member_065"",""nk_member_001"",""nk_member_076"",""nk_member_030"",""nk_member_051"",""nk_member_026"",""nk_member_035"",""nk_member_020"",""nk_member_021""]","[""nk_member_028""]",Clara,2026-02-21T08:00:00.000Z,16.0
Nk,Sa 09:00,"[""nk_member_006"",""nk_member_014"",""nk_member_063"",""nk_member_026"",""nk_member_057"",""nk_member_020"",""nk_member_065"",""nk_member_019"",""nk_member_072"",""nk_member_074"",""nk_member_055"",""nk_member_004"",""nk_member_060"",""nk_member_008"",""nk_member_002"",""nk_member_061""]","[""nk_member_052""]",Clara,2026-02-28T08:00:00.000Z,16.0
Nk,Sa 09:00,"[""nk_member_030"",""nk_member_023"",""nk_member_013"",""nk_member_057"",""nk_member_072"",""nk_member_019"",""nk_member_077"",""nk_member_073"",""nk_member_039"",""nk_member_053"",""nk_member_075"",""nk_member_040"",""nk_member_042"",""nk_member_027"",""nk_member_065"",""nk_member_005""]","[""nk_member_033"",""nk_member_050""]",Clara,2026-03-07T08:00:00.000Z,16.0
Nk,Sa 09:00,"[""nk_member_021"",""nk_member_045"",""nk_member_017"",""nk_member_078"",""nk_member_010"",""nk_member_057"",""nk_member_058"",""nk_member_032"",""nk_member_056"",""nk_member_011"",""nk_member_075"",""nk_member_020"",""nk_member_007"",""nk_member_072""]",[],Clara,2026-03-14T08:00:00.000Z,16.0
Nk,Sa 09:00,"[""nk_member_008"",""nk_member_051"",""nk_member_075"",""nk_member_011"",""nk_member_019"",""nk_member_079"",""nk_member_072"",""nk_member_037"",""nk_member_038"",""nk_member_046"",""nk_member_025"",""nk_member_028"",""nk_member_030"",""nk_member_007"",""nk_member_047"",""nk_member_058""]","[""nk_member_009"",""nk_member_064"",""nk_member_033""]",Clara,2026-03-21T08:00:00.000Z,16.0
Nk,Sa 09:00,"[""nk_member_012"",""nk_member_032"",""nk_member_035"",""nk_member_020"",""nk_member_064"",""nk_member_024"",""nk_member_078"",""nk_member_055"",""nk_member_030"",""nk_member_077"",""nk_member_053"",""nk_member_056"",""nk_member_049"",""nk_member_044"",""nk_member_054"",""nk_member_025""]",[],Clara,2026-03-28T08:00:00.000Z,16.0
Nk,Sa 09:00,"[""nk_member_025"",""nk_member_031"",""nk_member_014"",""nk_member_050"",""nk_member_057"",""nk_member_045"",""nk_member_058"",""nk_member_067"",""nk_member_005"",""nk_member_029"",""nk_member_062"",""nk_member_032"",""nk_member_080"",""nk_member_024""]",[],Clara,2026-04-04T07:00:00.000Z,16.0
Nk,Sa 09:00,"[""nk_member_014"",""nk_member_003"",""nk_member_068"",""nk_member_071"",""nk_member_025"",""nk_member_042"",""nk_member_017"",""nk_member_001"",""nk_member_015"",""nk_member_002"",""nk_member_060"",""nk_member_053"",""nk_member_067"",""nk_member_029"",""nk_member_070"",""nk_member_050""]","[""nk_member_009"",""nk_member_038""]",Clara,2026-04-11T07:00:00.000Z,16.0
Nk,Sa 09:00,"[""nk_member_062"",""nk_member_061"",""nk_member_069"",""nk_member_053"",""nk_member_045"",""nk_member_003"",""nk_member_074"",""nk_member_014"",""nk_member_058"",""nk_member_080"",""nk_member_056"",""nk_member_064"",""nk_member_079"",""nk_member_070"",""nk_member_041"",""nk_member_027""]","[""nk_member_012"",""nk_member_013""]",Clara,2026-04-18T07:00:00.000Z,16.0
Nk,Sa 09:00,"[""nk_member_016"",""nk_member_033"",""nk_member_009"",""nk_member_032"",""nk_member_043"",""nk_member_011"",""nk_member_052"",""nk_member_005"",""nk_member_070"",""nk_member_012"",""nk_member_035"",""nk_member_072"",""nk_member_057"",""nk_member_049"",""nk_member_069""]",[],Clara,2026-04-25T07:00:00.000Z,16.0
Nk,Sa 09:00,"[""nk_member_051"",""nk_member_018"",""nk_member_014"",""nk_member_035"",""nk_member_057"",""nk_member_022"",""nk_member_075"",""nk_member_005"",""nk_member_073"",""nk_member_024"",""nk_member_080"",""nk_member_072"",""nk_member_067"",""nk_member_011""]","[""nk_member_066"",""nk_member_012""]",Clara,2026-05-02T07:00:00.000Z,16.0
Nk,Sa 09:00,"[""nk_member_015"",""nk_member_063"",""nk_member_026"",""nk_member_073"",""nk_member_027"",""nk_member_014"",""nk_member_065"",""nk_member_035"",""nk_member_024"",""nk_member_003"",""nk_member_053"",""nk_member_059"",""nk_member_032"",""nk_member_004"",""nk_member_056"",""nk_member_044""]","[""nk_member_052""]",Clara,2026-05-09T07:00:00.000Z,16.0
Nk,Sa 09:00,"[""nk_member_001"",""nk_member_056"",""nk_member_030"",""nk_member_051"",""nk_member_040"",""nk_member_029"",""nk_member_072"",""nk_member_037"",""nk_member_053"",""nk_member_049"",""nk_member_035"",""nk_member_070"",""nk_member_004"",""nk_member_043"",""nk_member_058""]","[""nk_member_050""]",Clara,2026-05-16T07:00:00.000Z,16.0
Nk,Sa 09:00,"[""nk_member_002"",""nk_member_019"",""nk_member_021"",""nk_member_070"",""nk_member_077"",""nk_member_073"",""nk_member_049"",""nk_member_056"",""nk_member_053"",""nk_member_059"",""nk_member_031"",""nk_member_067"",""nk_member_033"",""nk_member_069""]",[],Clara,2026-05-23T07:00:00.000Z,16.0
Nk,Sa 09:00,"[""nk_member_029"",""nk_member_072"",""nk_member_025"",""nk_member_011"",""nk_member_036"",""nk_member_066"",""nk_member_056"",""nk_member_041"",""nk_member_033"",""nk_member_064"",""nk_member_016"",""nk_member_039"",""nk_member_018"",""nk_member_037"",""nk_member_027"",""nk_member_074""]",[],Clara,2026-05-30T07:00:00.000Z,16.0
Nk,Sa 09:00,"[""nk_member_016"",""nk_member_042"",""nk_member_031"",""nk_member_052"",""nk_member_077"",""nk_member_030"",""nk_member_066"",""nk_member_064"",""nk_member_074"",""nk_member_053"",""nk_member_070"",""nk_member_069"",""nk_member_002"",""nk_member_024"",""nk_member_004"",""nk_member_036""]","[""nk_member_009"",""nk_member_040"",""nk_member_080""]",Clara,2026-06-06T07:00:00.000Z,16.0
